<?xml version="1.0" encoding="utf-8"?>
<manifest identifier="CuqSxFY1FmFbd" xmlns="http://www.imsproject.org/xsd/imscp_rootv1p1p2" xmlns:adlcp="http://www.adlnet.org/xsd/adlcp_rootv1p2" xmlns:xsi="http://www.w3.org/2001/XMLSchema-instance" xmlns:lom="http://www.imsglobal.org/xsd/imsmd_rootv1p2p1" xsi:schemaLocation="http://www.imsproject.org/xsd/imscp_rootv1p1p2 imscp_rootv1p1p2.xsd http://www.imsglobal.org/xsd/imsmd_rootv1p2p1 imsmd_rootv1p2p1.xsd http://www.adlnet.org/xsd/adlcp_rootv1p2 adlcp_rootv1p2.xsd">
<metadata>
<schema>ADL SCORM</schema>
<schemaversion>1.2</schemaversion>
<lom:lom>
<lom:general>
<lom:title>
<lom:langstring>Fire Extinguisher Use - eng - ispring</lom:langstring>
</lom:title>
</lom:general>
<lom:educational>
<lom:typicallearningtime>
<lom:datetime>01:00:00</lom:datetime>
</lom:typicallearningtime>
</lom:educational>
</lom:lom>
</metadata>
<organizations default="fire_extinguisher_use_-_eng_-_ispring_organization">
<organization identifier="fire_extinguisher_use_-_eng_-_ispring_organization">
<title>Fire Extinguisher Use - eng - ispring</title>
<item identifier="DB24CB7B-3DBD-4922-904B-B205D399B58B" identifierref="resource">
<title>Fire Extinguisher Use - eng - ispring</title>
</item>
</organization>
</organizations>
<resources>
<resource identifier="resource" type="webcontent" adlcp:scormtype="sco" href="res/index.html">
<file href="res/index.html"/>
<file href="res/lms.js"/>
<file href="res/data/thmb1.png"/>
<file href="res/data/sound1.mp3"/>
<file href="res/data/slide1.js"/>
<file href="res/data/slide1.css"/>
<file href="res/data.local-only/slide1.js"/>
<file href="res/data/thmb2.jpg"/>
<file href="res/data/sound2.mp3"/>
<file href="res/data/slide2.js"/>
<file href="res/data/slide2.css"/>
<file href="res/data.local-only/slide2.js"/>
<file href="res/data/thmb3.jpg"/>
<file href="res/data/sound3.mp3"/>
<file href="res/data/sound4.mp3"/>
<file href="res/data/sound5.mp3"/>
<file href="res/data/slide3.js"/>
<file href="res/data/slide3.css"/>
<file href="res/data.local-only/slide3.js"/>
<file href="res/data/thmb4.jpg"/>
<file href="res/data/sound6.mp3"/>
<file href="res/data/slide4.js"/>
<file href="res/data/slide4.css"/>
<file href="res/data.local-only/slide4.js"/>
<file href="res/data/thmb5.jpg"/>
<file href="res/data/sound7.mp3"/>
<file href="res/data/slide5.js"/>
<file href="res/data/slide5.css"/>
<file href="res/data.local-only/slide5.js"/>
<file href="res/data/thmb6.jpg"/>
<file href="res/data/sound8.mp3"/>
<file href="res/data/slide6.js"/>
<file href="res/data/slide6.css"/>
<file href="res/data.local-only/slide6.js"/>
<file href="res/data/thmb7.png"/>
<file href="res/data/quiz1.js"/>
<file href="res/data/quiz1/fonts/fnt0.woff"/>
<file href="res/data/quiz1/fonts/fnt1.woff"/>
<file href="res/data/quiz1/images/quiz_bg_0.jpg"/>
<file href="res/data/thmb8.jpg"/>
<file href="res/data/sound9.mp3"/>
<file href="res/data/slide8.js"/>
<file href="res/data/slide8.css"/>
<file href="res/data.local-only/slide8.js"/>
<file href="res/data/thmb9.jpg"/>
<file href="res/data/sound10.mp3"/>
<file href="res/data/slide9.js"/>
<file href="res/data/slide9.css"/>
<file href="res/data.local-only/slide9.js"/>
<file href="res/data/thmb10.jpg"/>
<file href="res/data/sound11.mp3"/>
<file href="res/data/slide10.js"/>
<file href="res/data/slide10.css"/>
<file href="res/data.local-only/slide10.js"/>
<file href="res/data/thmb11.jpg"/>
<file href="res/data/sound12.mp3"/>
<file href="res/data/slide11.js"/>
<file href="res/data/slide11.css"/>
<file href="res/data.local-only/slide11.js"/>
<file href="res/data/thmb12.jpg"/>
<file href="res/data/sound13.mp3"/>
<file href="res/data/slide12.js"/>
<file href="res/data/slide12.css"/>
<file href="res/data.local-only/slide12.js"/>
<file href="res/data/thmb13.png"/>
<file href="res/data/quiz2.js"/>
<file href="res/data/quiz2/fonts/fnt0.woff"/>
<file href="res/data/quiz2/fonts/fnt1.woff"/>
<file href="res/data/quiz2/fonts/fnt2.woff"/>
<file href="res/data/quiz2/images/quiz_bg_1.jpg"/>
<file href="res/data/thmb14.png"/>
<file href="res/data/sound14.mp3"/>
<file href="res/data/slide14.js"/>
<file href="res/data/slide14.css"/>
<file href="res/data.local-only/slide14.js"/>
<file href="res/data/thmb15.png"/>
<file href="res/data/sound15.mp3"/>
<file href="res/data/slide15.js"/>
<file href="res/data/slide15.css"/>
<file href="res/data.local-only/slide15.js"/>
<file href="res/data/thmb16.jpg"/>
<file href="res/data/sound16.mp3"/>
<file href="res/data/slide16.js"/>
<file href="res/data/slide16.css"/>
<file href="res/data.local-only/slide16.js"/>
<file href="res/data/thmb17.jpg"/>
<file href="res/data/sound17.mp3"/>
<file href="res/data/slide17.js"/>
<file href="res/data/slide17.css"/>
<file href="res/data.local-only/slide17.js"/>
<file href="res/data/thmb18.jpg"/>
<file href="res/data/sound18.mp3"/>
<file href="res/data/slide18.js"/>
<file href="res/data/slide18.css"/>
<file href="res/data.local-only/slide18.js"/>
<file href="res/data/thmb19.jpg"/>
<file href="res/data/sound19.mp3"/>
<file href="res/data/slide19.js"/>
<file href="res/data/slide19.css"/>
<file href="res/data.local-only/slide19.js"/>
<file href="res/data/thmb20.jpg"/>
<file href="res/data/sound20.mp3"/>
<file href="res/data/slide20.js"/>
<file href="res/data/slide20.css"/>
<file href="res/data.local-only/slide20.js"/>
<file href="res/data/thmb21.jpg"/>
<file href="res/data/sound21.mp3"/>
<file href="res/data/slide21.js"/>
<file href="res/data/slide21.css"/>
<file href="res/data.local-only/slide21.js"/>
<file href="res/data/thmb22.jpg"/>
<file href="res/data/sound22.mp3"/>
<file href="res/data/slide22.js"/>
<file href="res/data/slide22.css"/>
<file href="res/data.local-only/slide22.js"/>
<file href="res/data/thmb23.png"/>
<file href="res/data/quiz3.js"/>
<file href="res/data/quiz3/fonts/fnt0.woff"/>
<file href="res/data/quiz3/fonts/fnt1.woff"/>
<file href="res/data/quiz3/images/quiz_bg_2.jpg"/>
<file href="res/data/thmb24.jpg"/>
<file href="res/data/sound23.mp3"/>
<file href="res/data/slide24.js"/>
<file href="res/data/slide24.css"/>
<file href="res/data.local-only/slide24.js"/>
<file href="res/data/thmb25.png"/>
<file href="res/data/quiz4.js"/>
<file href="res/data/quiz4/fonts/fnt0.woff"/>
<file href="res/data/quiz4/images/quiz_bg_3.jpg"/>
<file href="res/data/thmb26.png"/>
<file href="res/data/slide26.js"/>
<file href="res/data/slide26.css"/>
<file href="res/data.local-only/slide26.js"/>
<file href="res/data/quizplayer.js"/>
<file href="res/index.html"/>
<file href="res/data/player.js"/>
<file href="res/data/eraser.cur"/>
<file href="res/data/highlighter.cur"/>
<file href="res/data/marker.cur"/>
<file href="res/data/lock.cur"/>
<file href="res/data/browsersupport.js"/>
<file href="res/data/apple-touch-icon.png"/>
<file href="res/data/favicon.ico"/>
<file href="res/data/fnt0.woff"/>
<file href="res/data/fnt1.woff"/>
<file href="res/data/fnt10.woff"/>
<file href="res/data/fnt11.woff"/>
<file href="res/data/fnt2.woff"/>
<file href="res/data/fnt3.woff"/>
<file href="res/data/fnt4.woff"/>
<file href="res/data/fnt5.woff"/>
<file href="res/data/fnt6.woff"/>
<file href="res/data/fnt7.woff"/>
<file href="res/data/fnt8.woff"/>
<file href="res/data/fnt9.woff"/>
<file href="res/data/html5-unsupported.html"/>
<file href="res/data/html5.png"/>
<file href="res/data/img0.png"/>
<file href="res/data/img1.gif"/>
<file href="res/data/img10.jpg"/>
<file href="res/data/img11.jpg"/>
<file href="res/data/img12.png"/>
<file href="res/data/img13.png"/>
<file href="res/data/img14.png"/>
<file href="res/data/img15.png"/>
<file href="res/data/img16.jpg"/>
<file href="res/data/img17.png"/>
<file href="res/data/img18.jpg"/>
<file href="res/data/img19.jpg"/>
<file href="res/data/img2.png"/>
<file href="res/data/img20.png"/>
<file href="res/data/img21.png"/>
<file href="res/data/img22.png"/>
<file href="res/data/img23.jpg"/>
<file href="res/data/img24.jpg"/>
<file href="res/data/img25.jpg"/>
<file href="res/data/img26.jpg"/>
<file href="res/data/img27.png"/>
<file href="res/data/img28.png"/>
<file href="res/data/img29.png"/>
<file href="res/data/img3.jpg"/>
<file href="res/data/img30.png"/>
<file href="res/data/img31.png"/>
<file href="res/data/img32.jpg"/>
<file href="res/data/img33.png"/>
<file href="res/data/img34.jpg"/>
<file href="res/data/img35.jpg"/>
<file href="res/data/img36.jpg"/>
<file href="res/data/img37.jpg"/>
<file href="res/data/img38.png"/>
<file href="res/data/img39.png"/>
<file href="res/data/img4.png"/>
<file href="res/data/img40.png"/>
<file href="res/data/img41.png"/>
<file href="res/data/img42.png"/>
<file href="res/data/img5.jpg"/>
<file href="res/data/img6.png"/>
<file href="res/data/img7.jpg"/>
<file href="res/data/img8.jpg"/>
<file href="res/data/img9.jpg"/>
</resource>
</resources>
</manifest>
